{
    "objectSettings": [
        {
            "objectType": 0,
            "position": {
                "x": 1.0,
                "y": 0.0,
                "z": 0.0
            },
            "rotation": {
                "x": 0.0,
                "y": 0.017452405765652658,
                "z": 0.0,
                "w": 0.9998477101325989
            }
        },
        {
            "objectType": 1,
            "position": {
                "x": 0.0,
                "y": 0.0,
                "z": 2.0
            },
            "rotation": {
                "x": 0.0,
                "y": 0.7071067690849304,
                "z": 0.0,
                "w": 0.7071067690849304
            }
        },
        {
            "objectType": 2,
            "position": {
                "x": 1.0,
                "y": 0.0,
                "z": 0.0
            },
            "rotation": {
                "x": 0.0,
                "y": 0.008726535364985466,
                "z": 0.0,
                "w": 0.9999619126319885
            }
        }
    ]
}